src,calc,memory_get,search
calc,0.6875,0.0,0.3125
memory_get,0.0,1.0,0.0
search,0.3684210526315789,0.0,0.631578947368421
